opencut	CLONED	400f097becba5db0fbc305d5a65348cb81c20356	LICENSE	.vscode/settings.json;apps/desktop/src/panels/timeline.rs;apps/web/.vscode/settings.json;	1s
opencut-classic	CLONED	cf5e79e919144200294fb9fed22a222592a0aeea	LICENSE	.vscode/settings.json;apps/web/src/actions/components/shortcuts-dialog.tsx;apps/web/src/actions/use-keyboard-shortcuts-help.ts;apps/web/src/commands/project/update-project-settings.ts;apps/web/src/commands/timeline/clipboard/index.ts;apps/web/src/commands/timeline/clipboard/paste-keyframes.ts;apps/web/src/commands/timeline/clipboard/paste.ts;apps/web/src/commands/timeline/element/delete-elements.ts;apps/web/src/commands/timeline/element/duplicate-elements.ts;apps/web/src/commands/timeline/element/effects/add-effect.ts;apps/web/src/commands/timeline/element/effects/index.ts;apps/web/src/commands/timeline/element/effects/remove-effect.ts;apps/web/src/commands/timeline/element/effects/reorder-effect.ts;apps/web/src/commands/timeline/element/effects/toggle-effect.ts;apps/web/src/commands/timeline/element/effects/update-effect-params.ts;apps/web/src/commands/timeline/element/index.ts;apps/web/src/commands/timeline/element/insert-element.ts;apps/web/src/commands/timeline/element/keyframes/index.ts;apps/web/src/commands/timeline/element/keyframes/remove-effect-param-keyframe.ts;apps/web/src/commands/timeline/element/keyframes/remove-keyframe.ts;apps/web/src/commands/timeline/element/keyframes/retime-keyframe.ts;apps/web/src/commands/timeline/element/keyframes/update-scalar-keyframe-curve.ts;apps/web/src/commands/timeline/element/keyframes/upsert-effect-param-keyframe.ts;apps/web/src/commands/timeline/element/keyframes/upsert-keyframe.ts;apps/web/src/commands/timeline/element/masks/delete-custom-mask-points.ts;apps/web/src/commands/timeline/element/masks/index.ts;apps/web/src/commands/timeline/element/masks/insert-custom-mask-point.ts;apps/web/src/commands/timeline/element/masks/remove-mask.ts;apps/web/src/commands/timeline/element/masks/toggle-mask-inverted.ts;apps/web/src/commands/timeline/element/move-elements.ts;apps/web/src/commands/timeline/element/split-elements.ts;apps/web/src/commands/timeline/element/toggle-source-audio-separation.ts;apps/web/src/commands/timeline/element/update-elements.ts;apps/web/src/commands/timeline/index.ts;apps/web/src/commands/timeline/track/add-track.ts;apps/web/src/commands/timeline/track/index.ts;apps/web/src/commands/timeline/track/remove-track.ts;apps/web/src/commands/timeline/track/toggle-track-mute.ts;apps/web/src/commands/timeline/track/toggle-track-visibility.ts;apps/web/src/commands/timeline/tracks-snapshot.ts;	0s
openreel-video	CLONED	3be4be4a0eada4312f060dff01eb9c6826cd737e	LICENSE	.superpowers/brainstorm/46511-1779972049/content/timeline-visualization.html;apps/image/src/components/editor/KeyboardShortcutsPanel.tsx;apps/image/src/components/editor/SettingsDialog.tsx;apps/image/src/components/editor/canvas/Rulers.tsx;apps/image/src/components/editor/inspector/PenSettingsSection.tsx;apps/image/src/components/editor/toolbar/ZoomControl.tsx;apps/web/src/components/editor/KeyboardShortcutsOverlay.tsx;apps/web/src/components/editor/Timeline.tsx;apps/web/src/components/editor/settings/ApiKeysPanel.tsx;apps/web/src/components/editor/settings/GeneralPanel.tsx;apps/web/src/components/editor/settings/MasterPasswordDialog.tsx;apps/web/src/components/editor/settings/SettingsDialog.tsx;apps/web/src/components/editor/timeline/BeatMarkerOverlay.tsx;apps/web/src/components/editor/timeline/ClipComponent.tsx;apps/web/src/components/editor/timeline/ClipContextMenu.tsx;apps/web/src/components/editor/timeline/EasingCurve.tsx;apps/web/src/components/editor/timeline/GraphicsClipContextMenu.tsx;apps/web/src/components/editor/timeline/KeyframeMarker.tsx;apps/web/src/components/editor/timeline/KeyframeTrack.tsx;apps/web/src/components/editor/timeline/MarkerIndicator.tsx;apps/web/src/components/editor/timeline/Playhead.tsx;apps/web/src/components/editor/timeline/ShapeClipComponent.tsx;apps/web/src/components/editor/timeline/TextClipComponent.tsx;apps/web/src/components/editor/timeline/TimeRuler.tsx;apps/web/src/components/editor/timeline/TrackHeader.tsx;apps/web/src/components/editor/timeline/TrackLane.tsx;apps/web/src/components/editor/timeline/index.ts;apps/web/src/components/editor/timeline/types.ts;apps/web/src/components/editor/timeline/utils.ts;apps/web/src/hooks/useKeyboardShortcuts.ts;apps/web/src/services/keyboard-shortcuts.ts;apps/web/src/stores/settings-store.ts;apps/web/src/stores/timeline-store.test.ts;apps/web/src/stores/timeline-store.ts;packages/core/src/playback/master-timeline-clock.ts;packages/core/src/timeline/auto-edit-service.ts;packages/core/src/timeline/clip-manager.test.ts;packages/core/src/timeline/clip-manager.ts;packages/core/src/timeline/index.ts;packages/core/src/timeline/nested-sequence-engine.ts;	1s
clypra	CLONED	87c8d3d8af4a1d4e6f37e19cfc9a63cacb57b0df	LICENSE	android/capacitor.settings.gradle;android/settings.gradle;docs/antigravity-timeline-toolbar-investigation.md;src/components/editor/properties/StickerSettingsSection.tsx;src/components/editor/properties/TimelineEffectSection.tsx;src/components/editor/properties/__tests__/TimelineEffectSection.test.tsx;src/components/editor/timeline/AudioEnvelopeEditor.tsx;src/components/editor/timeline/AudioStreamPicker.tsx;src/components/editor/timeline/Clip.tsx;src/components/editor/timeline/ClipContextMenu.tsx;src/components/editor/timeline/ClipFilmstrip.tsx;src/components/editor/timeline/EmptyTimelineDropZone.tsx;src/components/editor/timeline/GapContextMenu.tsx;src/components/editor/timeline/GapIndicator.tsx;src/components/editor/timeline/InlineKeyframeLane.tsx;src/components/editor/timeline/MediaJobIndicator.tsx;src/components/editor/timeline/Playhead.tsx;src/components/editor/timeline/RenameClipDialog.tsx;src/components/editor/timeline/Timeline.tsx;src/components/editor/timeline/TimelineEmptySpaceContextMenu.tsx;src/components/editor/timeline/TimelineRuler.tsx;src/components/editor/timeline/TimelineToolbar.tsx;src/components/editor/timeline/Track.tsx;src/components/editor/timeline/TrackContextMenu.tsx;src/components/editor/timeline/TrackLabel.tsx;src/components/editor/timeline/TransitionIndicator.tsx;src/components/editor/timeline/VoiceoverRecorderButton.tsx;src/components/editor/timeline/VolumeWaveform.tsx;src/components/editor/timeline/__tests__/AudioEnvelopeEditor.test.tsx;src/components/editor/timeline/__tests__/Clip.test.tsx;src/components/editor/timeline/__tests__/ClipContextMenu.test.tsx;src/components/editor/timeline/__tests__/ClipContextMenuVariants.test.tsx;src/components/editor/timeline/__tests__/ClipDragDrop.test.tsx;src/components/editor/timeline/__tests__/ClipFilmstrip.integration.test.tsx;src/components/editor/timeline/__tests__/ClipSnapToAlign.test.tsx;src/components/editor/timeline/__tests__/InlineKeyframeLane.test.tsx;src/components/editor/timeline/__tests__/Playhead.test.tsx;src/components/editor/timeline/__tests__/Timeline.test.tsx;src/components/editor/timeline/__tests__/TimelineEmptySpaceContextMenu.test.tsx;src/components/editor/timeline/__tests__/TimelineRuler.test.tsx;	1s
kdenlive	CLONED	8d0333eb00ce189ac322abf01ed2963acfdc6e4c	COPYING	data/clipjobsettings.rc;data/effects/avfilter/avfilter_zoompan.xml;data/effects/pan_zoom.xml;data/shortcuts/CMakeLists.txt;data/shortcuts/Premiere;doc/kdenlive_quickstart-timeline-clips.png;doc/kdenlive_quickstart-timelinecursor.png;po/ca/docs/kdenlive/kdenlive_quickstart-timeline-clips.png;po/fr/docs/kdenlive/Kdenlive_Quickstart-Timeline-Clips.png;po/ru/docs/kdenlive/kdenlive_quickstart-timeline-clips.png;po/ru/docs/kdenlive/kdenlive_quickstart-timelinecursor.png;po/uk/docs/kdenlive/kdenlive_quickstart-timeline-clips.png;po/uk/docs/kdenlive/kdenlive_quickstart-timelinecursor.png;src/dialogs/settings/kdenlivesettingsdialog.cpp;src/dialogs/settings/kdenlivesettingsdialog.h;src/dialogs/settings/pluginssettings.cpp;src/dialogs/settings/pluginssettings.h;src/kdenlivesettings.kcfg;src/monitor/view/AudioZoomBar.qml;src/monitor/view/MonitorRuler.qml;src/monitor/view/MonitorZoomButton.qml;src/project/dialogs/projectsettings.cpp;src/project/dialogs/projectsettings.h;src/project/effectsettings.cpp;src/project/effectsettings.h;src/qml/ZoomBar.qml;src/timeline2/CMakeLists.txt;src/timeline2/model/builders/meltBuilder.cpp;src/timeline2/model/builders/meltBuilder.hpp;src/timeline2/model/clipmodel.cpp;src/timeline2/model/clipmodel.hpp;src/timeline2/model/clipsnapmodel.cpp;src/timeline2/model/clipsnapmodel.hpp;src/timeline2/model/compositionmodel.cpp;src/timeline2/model/compositionmodel.hpp;src/timeline2/model/groupsmodel.cpp;src/timeline2/model/groupsmodel.hpp;src/timeline2/model/moveableItem.hpp;src/timeline2/model/moveableItem.ipp;src/timeline2/model/snapmodel.cpp;	0s
shotcut	CLONED	ce58962c93a283fdabc9a7617ee2a3e802f9759b	COPYING	elements/emojis/object/143-ruler.tgs;elements/emojis/object/144-triangular_ruler.tgs;icons/dark/32x32/zoom-fit-best.png;icons/dark/32x32/zoom-in.png;icons/dark/32x32/zoom-original.png;icons/dark/32x32/zoom-out.png;icons/dark/32x32/zoom-select.png;icons/light/32x32/zoom-fit-best.png;icons/light/32x32/zoom-in.png;icons/light/32x32/zoom-original.png;icons/light/32x32/zoom-out.png;icons/light/32x32/zoom-select.png;icons/oxygen-dark/32x32/actions/zoom-fit-best.png;icons/oxygen-dark/32x32/actions/zoom-in.png;icons/oxygen-dark/32x32/actions/zoom-original.png;icons/oxygen-dark/32x32/actions/zoom-out.png;icons/oxygen-dark/32x32/actions/zoom-select.png;icons/oxygen/32x32/actions/zoom-fit-best.png;icons/oxygen/32x32/actions/zoom-in.png;icons/oxygen/32x32/actions/zoom-original.png;icons/oxygen/32x32/actions/zoom-out.png;icons/oxygen/32x32/actions/zoom-select.png;src/commands/timelinecommands.cpp;src/commands/timelinecommands.h;src/docks/timelinedock.cpp;src/docks/timelinedock.h;src/qml/views/keyframes/KeyframeRuler.qml;src/qml/views/timeline/Clip.qml;src/qml/views/timeline/CornerSelectionShadow.qml;src/qml/views/timeline/PulsingAnimation.qml;src/qml/views/timeline/Ruler.qml;src/qml/views/timeline/Subtitle.qml;src/qml/views/timeline/SubtitleBar.qml;src/qml/views/timeline/Timeline.js;src/qml/views/timeline/Track.js;src/qml/views/timeline/Track.qml;src/qml/views/timeline/TrackHead.qml;src/qml/views/timeline/timeline.qml;src/qmltypes/timelineitems.cpp;src/qmltypes/timelineitems.h;	1s
olive	CLONED	7e0e94abf6610026aebb9ddce8564c39522fac6e	LICENSE	app/dialog/preferences/CMakeLists.txt;app/dialog/preferences/keysequenceeditor.cpp;app/dialog/preferences/keysequenceeditor.h;app/dialog/preferences/preferences.cpp;app/dialog/preferences/preferences.h;app/dialog/preferences/tabs/CMakeLists.txt;app/dialog/preferences/tabs/preferencesappearancetab.cpp;app/dialog/preferences/tabs/preferencesappearancetab.h;app/dialog/preferences/tabs/preferencesaudiotab.cpp;app/dialog/preferences/tabs/preferencesaudiotab.h;app/dialog/preferences/tabs/preferencesbehaviortab.cpp;app/dialog/preferences/tabs/preferencesbehaviortab.h;app/dialog/preferences/tabs/preferencesdisktab.cpp;app/dialog/preferences/tabs/preferencesdisktab.h;app/dialog/preferences/tabs/preferencesgeneraltab.cpp;app/dialog/preferences/tabs/preferencesgeneraltab.h;app/dialog/preferences/tabs/preferenceskeyboardtab.cpp;app/dialog/preferences/tabs/preferenceskeyboardtab.h;app/panel/timeline/CMakeLists.txt;app/panel/timeline/timeline.cpp;app/panel/timeline/timeline.h;app/timeline/CMakeLists.txt;app/timeline/timelinecommon.h;app/timeline/timelinecoordinate.cpp;app/timeline/timelinecoordinate.h;app/timeline/timelinemarker.cpp;app/timeline/timelinemarker.h;app/timeline/timelineundocommon.h;app/timeline/timelineundogeneral.cpp;app/timeline/timelineundogeneral.h;app/timeline/timelineundopointer.cpp;app/timeline/timelineundopointer.h;app/timeline/timelineundoripple.cpp;app/timeline/timelineundoripple.h;app/timeline/timelineundosplit.cpp;app/timeline/timelineundosplit.h;app/timeline/timelineundotrack.cpp;app/timeline/timelineundotrack.h;app/timeline/timelineundoworkarea.cpp;app/timeline/timelineundoworkarea.h;	1s
losslesscut	CLONED	20f2e34687a691dd15b18c030d108b3b66d44098	LICENSE	.vscode/settings.json;src/renderer/src/Timeline.module.css;src/renderer/src/Timeline.tsx;src/renderer/src/TimelineSeg.tsx;src/renderer/src/components/KeyboardShortcuts.tsx;src/renderer/src/components/Settings.module.css;src/renderer/src/components/Settings.tsx;src/renderer/src/hooks/useTimecode.tsx;src/renderer/src/hooks/useTimelineScroll.ts;src/renderer/src/hooks/useUserSettings.ts;src/renderer/src/hooks/useUserSettingsRoot.ts;	0s
openshot	CLONED	9004af74b02c67e507190e9950b5fc690fb0a900	COPYING	doc/images/file-add-to-timeline.jpg;doc/images/preferences-1-general.jpg;doc/images/preferences-2-preview.jpg;doc/images/preferences-3-autosave.jpg;doc/images/preferences-4-cache.jpg;doc/images/preferences-5-debug.jpg;doc/images/preferences-6-performance.jpg;doc/images/preferences-7-keyboard.jpg;doc/images/preferences-8-location.jpg;doc/images/preferences-timeline.jpg;doc/images/quick-start-timeline-drop.jpg;doc/images/timeline-with-keyframe-panel.jpg;doc/images/timeline.jpg;doc/locale/ar/LC_MESSAGES/preferences.po;doc/locale/ar/LC_MESSAGES/timeline.po;doc/locale/bn/LC_MESSAGES/preferences.po;doc/locale/bn/LC_MESSAGES/timeline.po;doc/locale/de/LC_MESSAGES/preferences.po;doc/locale/de/LC_MESSAGES/timeline.po;doc/locale/es/LC_MESSAGES/preferences.po;doc/locale/es/LC_MESSAGES/timeline.po;doc/locale/fa/LC_MESSAGES/preferences.po;doc/locale/fa/LC_MESSAGES/timeline.po;doc/locale/fi/LC_MESSAGES/preferences.po;doc/locale/fi/LC_MESSAGES/timeline.po;doc/locale/fr/LC_MESSAGES/preferences.po;doc/locale/fr/LC_MESSAGES/timeline.po;doc/locale/hi/LC_MESSAGES/preferences.po;doc/locale/hi/LC_MESSAGES/timeline.po;doc/locale/hr/LC_MESSAGES/preferences.po;doc/locale/hr/LC_MESSAGES/timeline.po;doc/locale/id/LC_MESSAGES/preferences.po;doc/locale/id/LC_MESSAGES/timeline.po;doc/locale/is/LC_MESSAGES/preferences.po;doc/locale/is/LC_MESSAGES/timeline.po;doc/locale/it/LC_MESSAGES/preferences.po;doc/locale/it/LC_MESSAGES/timeline.po;doc/locale/ja/LC_MESSAGES/preferences.po;doc/locale/ja/LC_MESSAGES/timeline.po;doc/locale/ko/LC_MESSAGES/preferences.po;	1s
pitivi	CLONED	fd4a0b3f899ef2549fa89a205d6ea5cda61dd25b	COPYING	data/ui/elementsettingsdialog.ui;data/ui/pluginpreferencesrow.ui;data/ui/preferences.ui;data/ui/projectsettings.ui;data/ui/timelinetoolbar.ui;docs/Google_SoC_2007_-_Simple_Timeline.md;docs/design/2008_design/2008_Architectural_Redesign/Timeline.md;docs/design/timeline.txt;docs/images/Anatomy_of_timeline_object.png;docs/images/Complex_timeline_schema.png;docs/images/Plugins_Hello_World_preferences.png;help/C/figures/ruler.png;help/C/movearoundtimeline.page;pitivi/dialogs/projectsettings.py;pitivi/settings.py;pitivi/shortcuts.py;pitivi/timeline/__init__.py;pitivi/timeline/elements.py;pitivi/timeline/layer.py;pitivi/timeline/markers.py;pitivi/timeline/previewers.py;pitivi/timeline/ruler.py;pitivi/timeline/timeline.py;pitivi/undo/timeline.py;pitivi/utils/timeline.py;tests/test_settings.py;tests/test_shortcuts.py;tests/test_timeline_elements.py;tests/test_timeline_layer.py;tests/test_timeline_markers.py;tests/test_timeline_ruler.py;tests/test_timeline_timeline.py;tests/test_undo_timeline.py;tests/test_utils_timeline.py;	1s
flowblade	CLONED	d7b91158580992eea11703ba4a92947addfc86c6	LICENSE	flowblade-trunk/Flowblade/res/darktheme/playback_settings.png;flowblade-trunk/Flowblade/res/darktheme/timeline_button.png;flowblade-trunk/Flowblade/res/darktheme/timeline_button_active.png;flowblade-trunk/Flowblade/res/darktheme/zoom_in.png;flowblade-trunk/Flowblade/res/darktheme/zoom_length.png;flowblade-trunk/Flowblade/res/darktheme/zoom_out.png;flowblade-trunk/Flowblade/res/help/correct_timeline.png;flowblade-trunk/Flowblade/res/help/kbshortcuts.html;flowblade-trunk/Flowblade/res/help/playhead.png;flowblade-trunk/Flowblade/res/help/usingtimeline.html;flowblade-trunk/Flowblade/res/help/wrong_timeline.png;flowblade-trunk/Flowblade/res/shortcuts/flowblade.xml;flowblade-trunk/Flowblade/res/shortcuts/premiere.xml;flowblade-trunk/Flowblade/src/actions/shortcutsquickeffects.py;flowblade-trunk/Flowblade/src/dialogs/preferenceswindow.py;flowblade-trunk/Flowblade/src/dialogs/shortcutsdialog.py;flowblade-trunk/Flowblade/src/shortcuts.py;flowblade-trunk/docs/KEYBOARD_SHORTCUTS.md;	1s
natron	CLONED	3763d805d7d277d10af10025ae41af677682b3e6	LICENSE.txt	Documentation/source/devel/PythonReference/NatronEngine/AppSettings.rst;Documentation/source/devel/preferencesCallback.png;Documentation/source/devel/settingsPanelExpression.png;Documentation/source/devel/settingsPanelParamChangedCB.png;Documentation/source/guide/_images/Project_Settings-Project_Path.jpg;Documentation/source/guide/_images/TheNodes-Image/Project_Settings_-_project_path.jpg;Documentation/source/guide/_images/project_setup_Settings.png;Documentation/source/plugins/eu.gmic.Zoom.rst;Engine/PluginActionShortcut.h;Engine/Settings.cpp;Engine/Settings.h;Engine/TimeLine.cpp;Engine/TimeLine.h;Engine/TimeLineKeyFrames.h;Gui/ActionShortcuts.cpp;Gui/ActionShortcuts.h;Gui/NodeSettingsPanel.cpp;Gui/NodeSettingsPanel.h;Gui/PreferencesPanel.cpp;Gui/PreferencesPanel.h;Gui/Resources/Images/settings.png;Gui/Resources/Images/timelineIn.png;Gui/Resources/Images/timelineOut.png;Gui/TimeLineGui.cpp;Gui/TimeLineGui.h;Gui/ZoomContext.h;libs/Eigen3/Eigen/src/Core/arch/Default/Settings.h;libs/hoedown/test/MarkdownTest_1.0.3/Tests/Links, shortcut references.html;libs/hoedown/test/MarkdownTest_1.0.3/Tests/Links, shortcut references.text;tools/jenkins/include/patches/Qt/patch-qsettings-null.diff;tools/jenkins/include/patches/Qt/patch-src_corelib_io_qsettings.cpp.diff;	0s
cinelerra-gg	CLONED	2f5f5847bfeea491f69f5314dcbccaf6de4b22e4	cinelerra-5.1/COPYING	CineRmt/settings.gradle;cinelerra-5.1/cinelerra/preferences.C;cinelerra-5.1/cinelerra/preferences.h;cinelerra-5.1/cinelerra/preferences.inc;cinelerra-5.1/cinelerra/preferencesthread.C;cinelerra-5.1/cinelerra/preferencesthread.h;cinelerra-5.1/cinelerra/preferencesthread.inc;cinelerra-5.1/cinelerra/tests/zoom.xml;cinelerra-5.1/cinelerra/timelinepane.C;cinelerra-5.1/cinelerra/timelinepane.h;cinelerra-5.1/cinelerra/timelinepane.inc;cinelerra-5.1/cinelerra/zoombar.C;cinelerra-5.1/cinelerra/zoombar.h;cinelerra-5.1/cinelerra/zoombar.inc;cinelerra-5.1/cinelerra/zoompanel.C;cinelerra-5.1/cinelerra/zoompanel.h;cinelerra-5.1/cinelerra/zoompanel.inc;cinelerra-5.1/db/utils/timelinechk.C;cinelerra-5.1/doc/autozoom.png;cinelerra-5.1/doc/cwindow_zoom.png;cinelerra-5.1/doc/shortcuts.html;cinelerra-5.1/doc/zoompanel.png;cinelerra-5.1/picon/cinfinity/ff_zoompan.png;cinelerra-5.1/picon/cinfinity/zoom.png;cinelerra-5.1/picon/cinfinity/zoomblur.png;cinelerra-5.1/picon/cinfinity2/ff_zoompan.png;cinelerra-5.1/picon/cinfinity2/zoom.png;cinelerra-5.1/picon/cinfinity2/zoomblur.png;cinelerra-5.1/picon/original/blurzoom.png;cinelerra-5.1/picon/original/zoomblur.png;cinelerra-5.1/picon/smoother/blurzoom.png;cinelerra-5.1/picon/smoother/zoom.png;cinelerra-5.1/picon/smoother/zoomblur.png;cinelerra-5.1/plugins/blurzoom/Makefile;cinelerra-5.1/plugins/blurzoom/blurzoom.C;cinelerra-5.1/plugins/blurzoom/blurzoom.h;cinelerra-5.1/plugins/blurzoom/blurzoomwindow.C;cinelerra-5.1/plugins/blurzoom/blurzoomwindow.h;cinelerra-5.1/plugins/theme_blond/data/Source/preferences_bg.svg;cinelerra-5.1/plugins/theme_blond/data/Source/preferencesbutton_dn.svg;	1s
vidcutter	CLONED	db6818f11bbb4d5598dfc5ceeddf7f81c7078499	LICENSE	vidcutter/images/dark/settings-active.png;vidcutter/images/dark/settings-disabled.png;vidcutter/images/dark/settings-hover.png;vidcutter/images/dark/settings.png;vidcutter/images/dark/shortcuts.png;vidcutter/images/light/settings-active.png;vidcutter/images/light/settings-disabled.png;vidcutter/images/light/settings-hover.png;vidcutter/images/light/settings.png;vidcutter/images/light/shortcuts.png;vidcutter/images/settings-ffmpeg.png;vidcutter/images/settings-general.png;vidcutter/images/settings-logs.png;vidcutter/images/settings-theme.png;vidcutter/images/settings-video.png;vidcutter/images/settings.png;vidcutter/settings.py;	1s
ai-video-editor	CLONED	93f79bb05f9db1aa619649020692643a0b31ad75	LICENSE.md	client/src/components/MCPSettings.tsx;client/src/components/ProjectSettingsModal.tsx;client/src/components/SettingsModal.tsx;client/src/components/editor/__tests__/recordModalZoom.test.ts;drizzle/0025_clip_zooms.sql;infographics/components/list/Timeline.tsx;infographics/zoom.ts;server/lib/__tests__/zoomDetector.test.ts;server/lib/__tests__/zoomFilters.test.ts;server/lib/__tests__/zoomShaping.test.ts;server/lib/__tests__/zoomValidation.test.ts;server/lib/tools/zoomOps.ts;server/lib/zoomDetector.ts;server/lib/zoomFilters.ts;server/lib/zoomShaping.ts;server/lib/zoomValidation.ts;server/routes/clipZooms.ts;server/routes/settings.ts;	1s
synthcut	CLONED	96b1ca0e8b9935cc0d9561a3bc020f29bf9e88a0	LICENSE	apps/desktop/src/timeline.tsx;	0s
clipforge	CLONED	3332b6298be68ed2ee440ec8dafb7c0e5d8c9157	NOT_FOUND	src/renderer/components/AISettings.tsx;src/renderer/components/Timeline.tsx;src/renderer/hooks/useKeyboardShortcuts.ts;	1s
react-browser-video-editor	CLONED	123e0969a46182d712d9835b7a5c26df0326ac07	LICENSE	src/components/Timeline.tsx;	1s
free-react-video-editor	CLONED	458f24db0a3bdbe31d4fa5a2c24e9af9642f357c	LICENSE.md		1s
quik-clip	CLONED	4e0ec6adb3aa2b08550818539cb342dbde0483f5	NOT_FOUND	src/components/TimelineErrorBoundary.tsx;src/components/VideoTimeline.tsx;src/utils/__tests__/timelineValidation.test.ts;src/utils/timelineValidation.ts;	0s
remotion	CLONED	fd087cbb9c63fa03bcf644c051d8aa2b113cd8c1	LICENSE.md	.vscode/settings.json;packages/brand/public/studio-timeline-avatar-strip.png;packages/brand/public/studio-timeline-filmstrip.png;packages/canvas/src/calculate-timeline.ts;packages/canvas/src/get-timeline-nestedness.ts;packages/canvas/src/get-timeline-sequence-sort-key.ts;packages/canvas/src/test/calculate-timeline.test.ts;packages/canvas/src/timeline-sequence-node-path-to-key.ts;packages/cli/src/config/keyboard-shortcuts.ts;packages/convert/app/components/ResizeShortcuts.tsx;packages/core/src/TimelineContext.tsx;packages/core/src/get-timeline-duration.ts;packages/core/src/test/timeline-position-state.test.ts;packages/core/src/test/use-media-in-timeline.test.tsx;packages/core/src/timeline-position-state.ts;packages/core/src/use-media-in-timeline.ts;packages/docs/components/demos/CrossZoomDemo.tsx;packages/docs/components/demos/DreamyZoomDemo.tsx;packages/docs/components/demos/ZoomBlurDemo.tsx;packages/docs/components/demos/ZoomInOutDemo.tsx;packages/docs/components/effects/effects-zoom-blur-preview.tsx;packages/docs/components/transitions/cross-zoom-preview.tsx;packages/docs/components/transitions/cross-zoom-toc-preview.tsx;packages/docs/components/transitions/dreamy-zoom-preview.tsx;packages/docs/components/transitions/dreamy-zoom-toc-preview.tsx;packages/docs/components/transitions/zoom-blur-preview.tsx;packages/docs/components/transitions/zoom-blur-toc-preview.tsx;packages/docs/components/transitions/zoom-in-out-preview.tsx;packages/docs/components/transitions/zoom-in-out-toc-preview.tsx;packages/docs/docs/building-a-timeline.mdx;packages/docs/docs/effects/zoom-blur.mdx;packages/docs/docs/export-opentimeline.mdx;packages/docs/docs/gsap/use-gsap-timeline.mdx;packages/docs/docs/studio/shortcuts.mdx;packages/docs/docs/timeline/TableOfContents.tsx;packages/docs/docs/timeline/demo.mdx;packages/docs/docs/timeline/faq.mdx;packages/docs/docs/timeline/index.mdx;packages/docs/docs/timeline/render.mdx;packages/docs/docs/timeline/setup.mdx;	1s
